{"cameraMode":{"drawMode":0,"name":"Shaded","section":"Shading Mode"},"sceneLighting":false,"audioPlay":false,"sceneViewState":{"showFog":false,"showMaterialUpdate":true,"showSkybox":true,"showFlares":false,"showImageEffects":false,"showParticleSystems":false},"in2DMode":false,"pivot":{"x":-1940.272216796875,"y":-4637.2529296875,"z":5758.9609375},"rotation":{"x":0.02548275515437126,"y":0.9210418462753296,"z":-0.3837871849536896,"w":0.061155516654253009},"size":23371.470703125,"orthographic":false}